text,label,source
"試験に必要な情報が不足している。  
非常に冗長。初心者には良いが、  
最初の3章以上を読むのは時間の無駄だ。  
言葉は重く、意味は遠く、  
読み進めるたびに焦りが増す。  
要点が見えず、迷うばかり。  
知識の山に埋もれ、  
抜け出せぬ夢のよう。",0,machine_qwen-turbo
39歳のマカロックは、リー・クラークの退任以来暫定監督を務めており、クラブを降格の危機から救い出そうとしている。彼は選手たちとしっかり連携を取りながら、試合ごとに改善点を見つけては修正していこうとしている。今シーズンの成績はまだ芳しくないが、チームの士気は上がってきていて、ファンも期待を込めて彼を応援している。マカロックには厳しい試練が待ち受けているけど、頑張って乗り越えてほしい。,0,machine_qwen-turbo
ClickAtHomeパイロット3の締め切りが延長されました！DellへのPC注文の締め切りは1月31日午夜まで延長されました。もし、まだ決めていないなら、今がチャンスです。心に響く選択を、一歩踏み出す勇気を。あなたの未来がここから始まるかもしれません。時間は過ぎていきますが、希望は常にそこにあるのです。,0,machine_qwen-turbo
大麻利用者が自宅で自分の植物を栽培することを許可することは、犯罪組織の取引を実質的に価値下げすることになる。大麻取引の被害者のほとんどは、その市場に参入するための資金や手段を持たない弱者であり、合法化によって生じる競争が彼らをさらに追い詰める可能性が高い。また、法的な枠組みが整わないまま個人栽培が広がれば、規制の抜け穴として不法な流通が増加し、治安問題を悪化させる恐れがある。政府は、単なる合法化だけでなく、社会的・経済的支援も含めた包括的な対策を講じるべきである。,0,machine_qwen-turbo
初めての海外旅行で「醜いアメリカ人」の留学生たちと過ごすのと同じくらい面白い。つまり、どうしても彼らと一緒になるしかない状況に陥ったんだ。最初はちょっと気味が悪かったけど、話してみると意外と面白いし、何より笑える。現地の文化を知るには彼らが一番だったな。,0,machine_qwen-turbo
タイトルを読んだだけだ。彼が最初に『ゲット・リッチ・オア・ダイ・トライン』を出したとき、数曲はまあまあ好きだったことを認める。しかし、その後のアルバムは次第に同じようなサウンドで、新しい衝撃を与えることが少なくなった。特に最近の作品は、どれも似たようなメロディーと歌詞の繰り返しに感じられ、興味が薄れてしまった。音楽というものは進化しなければ意味がないのに、彼はその点で停滞しているように思える。,0,machine_qwen-turbo
プロジェクトは順調に進んでおり、私は自分の望む役割にまさに適したルックスのモデルや女優のグループと仕事をしている。彼らの存在が、物語をより魅力的にしてくれるからだ。毎日が楽しくて仕方がないよ。撮影現場では、お互いに刺激し合いながら、最高のものを生み出そうと必死になってる。スタッフもみんな仲が良く、雰囲気が良いおかげで、何でもスムーズに進むんだ。この調子で、きっと素晴らしい作品ができるだろうな。,0,machine_qwen-turbo
その船には同じ家族からほぼ20人が乗っており、マリウト湖で事故が発生した。救助隊はこれまでに7人の生存者を発見しているが、残りの13人は行方不明のままである。事故の原因はまだ明らかになっていないが、強い風や波の影響が考えられている。現地の消防士らは夜間にも引き続き捜索を続け、生きている人々の無事を願いながら、慎重な作業を進めている。この出来事は地域の人々にとって大きな衝撃となっており、多くの人々が悲しみと不安に包まれている。,0,machine_qwen-turbo
ハートフォードシャー消防救助サービスは、アボッツ・ラングレーでの「困難で挑戦的な」救助に約8時30分GMTに呼び出された。現場には複数の車両と数十人のスタッフが派遣され、建物内で閉じ込められた人々の助けをした。状況は非常に緊迫しており、救助チームは慎重な動きを余儀なくされた。地元の住民たちはこの出来事に驚きを隠せない様子で、SNS上では多くのコメントが上がっている。今後の詳しい状況については、また後ほど報告される予定だ。,0,machine_qwen-turbo
このビデオを見るにはJavaScriptを有効にしてください。シカゴ--アート・ヴァン・ファーニチャーは、今週末の後に多額の現金を支払うことになるかもしれない。その理由は、彼が昨夜開かれたギャラリーでのパフォーマンスで、観客の一部に深刻な混乱を引き起こしたからだ。彼の作品は常に境界を越えており、今回のショーも例外ではなかった。私はその場にいたが、まるで夢を見ているような感覚だった。芸術と混沌が交差するその瞬間、私は自分自身の価値観を問われた気がした。,0,machine_qwen-turbo
今週のショーはジェレミー・モーズがソロで進行し、まず春のニュースや話題をいくつか取り上げますが、ショーのメイン部分はインタビューです。ゲストとして招かれたのは、人気小説家で昨年ブッカー賞を受賞したエリザベス・ハートン。彼女は新作のテーマについて語り、読者へのメッセージも込めて話しました。インタビューでは、彼女の創作過程や過去の作品との関係について深く掘り下げられ、視聴者にとって有意義な時間となりました。,0,machine_qwen-turbo
この本は面白くないほどひどかった。2人の主人公にはどちらにも取り柄がなかった！どうしてこれを読まされたのだろう。物語の展開は予測できず、登場人物の行動も理解不能で、心が重くなった。まるで時間を無駄にしたような気分で、ページをめくるたびに不快感がつのる。こんな本を書いた作者に、どんな思いがあるのだろう。もう二度と手に取らないと心に決めた。,0,machine_qwen-turbo
知られているように、修正された宇宙論的重力理論では、標準的なアインシュタイン重力では生成できなかった宇宙論の多くが、新たな数理的構造によって説明可能となる。これにより、暗黒物質や暗黒エネルギーといった未解決の問題へのアプローチが提供される。特に、一般相対性理論を拡張したモデルは、宇宙の加速膨張や銀河の回転カーブなど、観測データと整合性を持つよう設計されている。このような理論は、重力の本質的な性質を再考し、宇宙の進化に関する理解を深める上で重要な役割を果たしている。,0,machine_qwen-turbo
さて、レンズフレアの話はさておき、JJエイブラムス（新しいスター・ウォーズ映画の監督）によるこの新しいビデオは、彼がかつて夢見た星を彷徨う旅の始まりを告げるかのように、静かに画面を開いた。暗闇の中で光る小さな点が、まるで遠い未来の約束のように見えた。その光は、誰もが知る英雄の影を彷彿とさせながら、新たな物語の幕開けを告げていた。,0,machine_qwen-turbo
正直なところ、このCDを初めて聴いたとき、私は「いったいこれは誰なんだ？」と思った。これは私たちの知っているジャーズではない。音楽の枠を超えて、まるで別人格が歌っているかのように、新たな息吹が漂っていた。ベースラインは重く、ドラムは鋭く、ヴォーカルはどこか切なさを帯びている。もはやバンドの名前すら信じられなかった。まるでタイムスリップしたような感覚で、過去と未来が交差する中、私の心は引き込まれていった。,0,machine_qwen-turbo
私は1963年の映画を本よりずっと先に見た。まれなケースだが、映画の方が本より優れていると感じた。その世界は私の心を静かに震わせ、まるで遠い日の夢のように鮮やかだった。物語の奥行きが、画面を通してほんの少ししか見えないのに、なぜかすべてが私の内側に刻まれた。それ以来、その映画のシーンは夜中にふと浮かび上がり、私の胸を熱くする。何かが過ぎ去った後、残るのはただ静かな感動と、もう一度見たいという切望だけ。,0,machine_qwen-turbo
"_________________________________________________________________  
週末のシステム利用可能性 2002年1月11日 5:00:00 PM から 1月13日...  
夜明け前の静けさが、わずかに震える空気を包み込む。まるで時間が止まったように、街は眠りについた。私は、その静かな時間を一人で過ごすことにした。パソコンの画面が微かに光る中、システムのメンテナンスが行われる予定だ。まるで夢のような時間、心の奥底に響く音が、私の思考を揺らす。この瞬間、すべてが静かになり、未来への希望がほのかに光る。",0,machine_qwen-turbo
"紫金山天文台デリンハ13を用いて、  
第3銀河象限にある三つの大型超新星残骸へと、  
COの調べを届けしめる。  
静かな夜に、光の波が広がり、  
消えぬ記憶を喚び起こす。  
塵の渦は、遠い過去の叫びを乗せ、  
宇宙の深く、息を潜めている。",0,machine_qwen-turbo
開始日：2001年4月3日；時間前進時間：12時；補助スケジュールは認められていない。差異が検出された。差異が検出された……システムの警報が鳴り始め、青い光が部屋を揺らした。彼は必死に画面を見つめた。データの流れが歪んでいた。何かが、この時刻に、この場所で、ずれている。そして、その瞬間、彼の影が、自分とは違う動きを始めた。,0,machine_qwen-turbo
自宅滞在時間は、国家データセットにおいて実現可能で有効な脳卒中転帰指標である。背景と目的 – 自宅滞在時間（HT）は、以下に基づく脳卒中転帰指標である。患者が退院後、どれだけ早く自宅に戻れるかを示すこの指標は、回復のスピードや生活の質に直接関係している。本研究では、HTが脳卒中後の予後を正確に評価できるかどうかを検証し、臨床現場での応用可能性を探る。,0,machine_qwen-turbo
通りを見つけるために使用される音声認識方法は、複数の通りに関する情報を含むデータベースを使用する。通りはそれぞれの通り名によって特徴付けられるが、地域によって発音や表記に違いがあるため、正確な認識が課題となる。近年、機械学習を活用した音声認識技術が進歩し、方言やノイズにも強くなったシステムが登場している。これにより、ユーザーが自然な口調で道順を尋ねても、正確に目的地を特定できるようになった。今後、さらに精度の高い認識技術が実用化されれば、移動の利便性が大幅に向上すると期待されている。,0,machine_qwen-turbo
医師によれば、約40人が負傷して入院している。地元のラジオ局は、近くの町プティ・ゴアーブが「圧倒されている」と述べた。その町では、昨日発生した爆発によって多くの住民が家を失い、避難所に駆け込んでいるという。現地の住民は、政府の対応に不安を抱いており、支援が一刻も早く届くことを願っている。このような状況の中、医療従事者たちは限られた資源で必死に治療に当たっている。今後も被害の詳細や救助活動の進展が注目される。,0,machine_qwen-turbo
31歳のフレイザー・ブラバントは、2019年10月31日にガーシュウィン・ロードの裏庭で深刻な頭部外傷を負っている状態で発見された。現地時間の午後8時半ごろ、周辺の住民が異変に気づき、警察に通報した。現場では彼が倒れているのが確認され、すぐに救急車が到着した。その後、病院に搬送され、治療を受けているが、意識はまだ戻っていないという。現在、警察は事件の詳細な経緯を調査しており、動機や加害者の身元については明らかにされていない。,0,machine_qwen-turbo
これは、ジョンベネット・ラムジー事件について私が読んだ3冊の本のうちの1冊である。ラムジー夫妻が無実であろうと有罪であろうと、彼らの人生はすでにその事件によって大きく歪められてしまった。読み進めるにつれて、メディアの過熱した報道や世間の非難が、彼らにとってどれほど残酷な重荷となったかが心に迫ってくる。真実とはどこにあるのか。そして、私たちが目にするのは、果たして人間の姿なのか、それとも単なる物語のキャラクターなのか。思索を深めるたびに、心は揺れ動き、涙がこぼれる。,0,machine_qwen-turbo
ROC曲線は、広範な応用分野において2つの集団を識別する能力に関するテスト/スコアリング統計量のパフォーマンスを測定するための黄金律として知られている。この曲線は、真陽性率（感度）と偽陽性率（1 – 特異性）の関係を示し、モデルの分類能力を視覚的に評価するのに用いられる。AUC（Area Under the Curve）値は、ROC曲線の下部面積を表し、その値が1に近づくほど性能が優れているとされる。特に機械学習や医療診断など、リスク評価や予測モデルの評価において重要な指標として利用されている。,0,machine_qwen-turbo
独立カスケードモデルの下での短視的フィードバックを伴う適応的影響最大化問題を研究する：一つは、k個のノードをシードとして選ぶことで、ネットワーク全体に最大限の影響を広げることを目指す。しかし、このプロセスでは、選ばれたノードが新たな情報や行動を周囲に伝播させる際、短期的な反応に基づいたフィードバックが生じる。このフィードバックは、次の選択に影響を与え、結果的に長期的な効果を変える可能性がある。本研究では、このような動的な相互作用を考慮し、最適なシード選定戦略を提案する。,0,machine_qwen-turbo
1666年にグランサム近くのウールズソープ・マナーの果樹園に落ちたリンゴは、ニュートンに自然について推測するきっかけを与えたと考えられている。この出来事は、後に万有引力の法則の発見につながる重要な出来とされている。ただし、歴史的な記録によると、リンゴが頭上から落ちてきたという具体的な場面は確認されていない。この物語は、後の伝説として広まり、ニュートンの業績を象徴するものとなった。一方で、ニュートン自身は、この話が真実かどうかについては明確に述べていない。,0,machine_qwen-turbo
トマト入りスパイス風味のスロークッカーポットロースト。今年もその季節がやってきた。スロークッカーを取り出して、心安らぐ料理を作る時だ。料理は、たっぷりのトマトとスパイスで味付けした鶏肉をじっくり煮込むだけ。火加減も気にせず、朝から晩までそのまま放置しておけば、ふんわりとした食感と深い味わいが生まれる。家族や友人たちが集まる夕食にぴったりで、いつもの食事にも華を添える一品だ。簡単なのに本格的な味が楽しめるから、毎年楽しみにしているんだ。,0,machine_qwen-turbo
"本発明は、芝刈り機からのPTOを、  
フレキシブルドライブシャフトケーブルを介して、  
芝生維持アクセサリーを利用するために提供する。  
当該PTOは可能にする、  
遠くの場所に動力を届け、  
作業の自由を広げる。  
柔軟なつなぎが、  
困難な地形を乗り越え、  
無駄なくエネルギーを伝える。  
この技術は、  
効率と快適さをもたらし、  
庭をより美しく照らす。",0,machine_qwen-turbo
この本は最後まで読まないところだった。「作品」というキャラクターの自己中心的な苦悩と、ベタベタした偽善的な言動に辟易とした。登場人物同士の関係性も曖昧で、物語の展開が予測不可能であり、読み進めるのが難しくなった。また、テーマが曖昧で、作者の意図が伝わってこなかったため、結局途中で手を離すこととなった。文学的価値や深い考察を求める読者には不向きである。,0,machine_qwen-turbo
メリデンのマインドール農場への以前の申請は、道路の安全性と洪水への懸念を理由に2017年に却下された。ペンによる最新の申請は、これらの問題に対処するための新たな計画を含んでいるが、地元住民や環境団体からは依然として批判の声が上がっている。彼らは、農場の拡大が地域の生態系に悪影響を及ぼす可能性があると指摘している。また、交通量の増加による事故のリスクも心配されている。したがって、今回の申請が通るかどうかは、今後の検討が鍵となるだろう。,0,machine_qwen-turbo
ネットワークアプリケーションに対する遅効性攻撃は、攻撃者が仕様に従って行動するため、検出が容易ではないことが多い。多くのネットワークアプリケーションのサーバーは、正常なユーザーからのリクエストと似たパターンで動作するため、異常をリアルタイムで識別するのが難しい。このため、攻撃者は時間をかけてデータを次第に漏洩させたり、システムの脆弱性を段階的に利用したりできる。このような攻撃は、従来のセキュリティ対策では見逃されがちで、組織にとって深刻なリスクとなることがある。,0,machine_qwen-turbo
アイルランドのコノート州でプレーする34歳のミルズ・ムリアイナは、金曜日の夕方にグロスターでの試合後に逮捕された。グロスターの街中で酔っぱらった状態で暴れ、警察に取り押さえられたという。彼は現在、飲酒運転と公の場での乱闘の疑いで調査を受けている。この出来事は、かつて世界を駆けたプロスポーツ選手が、今やプライベートでトラブルに巻き込まれる姿を浮き彫りにしている。一方で、ファンからは「もう一度、ピッチに戻ってきて」との声も上がっている。,0,machine_qwen-turbo
ビデオはどこにありますか？私たちのビデオはライブ時間中、東部時間7-10pm、月曜〜日曜のみライブ配信されています。あなたはその時間に視聴できなかった場合、録画動画を後で見ることができます。録画は通常、ライブ終了後数分以内にアップロードされ、アカウントに表示されます。ただし、予期せぬ技術的な問題が発生した場合、録画が遅れることがあります。お気に入りの動画を見つけたい場合は、マイページにある「履歴」セクションをチェックしてください。,0,machine_qwen-turbo
フレイザーバーグの会社BrewDogが製造した「The End of History」はアルコール度数55%で、死んだイタチを使った12本のボトルで販売された。このビールは、アートとエクストリームなマーケティングで知られるBrewDogならではの挑戦的なプロジェクトだ。イタチの頭部をデザインに取り入れたボトルは、見た目もユニークで話題を呼んだ。しかし、動物虐待との批判も出る中、一部では賛否両論を巻き起こした。そんな中でも、この製品は注目を集め、ビール業界に新たな風を吹かせた。,0,machine_qwen-turbo
低レイテンシは、さまざまなインタラクティブなネットワークアプリケーションにとって要件である。しかし、インターネットはレイテンシに対して最適化されていない。そこで我々は、リアルタイム性が求められるサービスにおいて、通信の遅延を最小限に抑える技術の開発に注力している。特に、クラウドコンピューティングや5Gネットワークの進化により、ユーザー体験の向上が期待されているが、課題も残る。今後の技術革新が、どのようにネットワークの性能を変えていくのか、注目が集まっている。,0,machine_qwen-turbo
クエイド・クーパー：トゥーロンへの加入を断念。トゥーロンの会長ムラッド・ブジュジャルは、オーストラリア人を訴えることを検討していると認めた。この発言は、クエイド・クーパーがフランスのクラブに移籍するという話が進まない理由を示唆している。クーパーは昨年、トゥーロンとの契約交渉で合意に至らなかったが、今度はさらに複雑な状況に陥っている。ブジュジャル氏の発言は、選手の行動に対する法的措置を示しており、これによりトゥーロンとの関係が悪化する可能性がある。この動きは、国際サッカー界においても注目を集めている。,0,machine_qwen-turbo
非局所ニューラルネットワークは提案されており、いくつかのコンピュータビジョンタスクで効果的であることが示されている。そこでは非局所演算が画像内の長距離依存関係を直接捕捉できるため、空間的な情報をより豊かに表現できる。従来の畳み込み層は局所的な特徴に依存するが、非局所演算は遠く離れた領域との相互作用を計算し、全体像を捉える能力を持つ。この特性により、動きや構造の複雑なパターンを効率的に学習でき、画像生成やセグメンテーションにおいて高い性能を発揮する。さらに、このアプローチはモデルのパラメータ数を抑えつつ、柔軟な表現力を維持するという利点も備えている。,0,machine_qwen-turbo
ボビー・スコット下院議員の元補佐官は金曜日、このバージニア州民主党員を性的不正行為で告発し、彼の申し出を拒否した後に彼女を解雇したと述べた。その補佐官は、議員が自身に性的な要求をした後、彼女の反応が気に入らなかったとして、彼女を職から外したと主張している。この発表は、議員の政治的信頼性に深刻な影響を与える可能性があり、今後の調査が注目されている。一方、スコット氏はこれらの主張を強く否定しており、物語はさらに展開される見通しだ。,0,machine_qwen-turbo
プロポフォール麻酔の導入と維持。手動注入スキーム。プロポフォールの持続投与のためのシンプルな手動制御注入スキームは、医師が患者の反応に応じて薬剤を調整できる方法である。この方法では、最初に少量のプロポフォールを静脈内に注射し、意識消失を促す。その後、一定量を継続して投与し、麻酔の深さを維持する。医師は患者の生命体征や手術状況を観察しながら、必要に応じて投与量を増減する。この手動スキームは、機器に依存せず、簡易な操作で行えるため、多くの臨床現場で利用されている。,0,machine_qwen-turbo
サバンナの火災は木質バイオマスを消費するのか？サバンナ動態のモデリングアプローチに関するコメント。サバンナ生態系は長い間、数学的モデルによって解析されてきた。特に火災の影響は、生物多様性や炭素循環に大きな役割を果たすため、そのメカニズムの理解が重要である。火災が木質バイオマスを直接的に消費するかどうかは、地域ごとの気候条件や植物種の特性に依存する。近年の研究では、火災の頻度や強さがサバンナの構造と機能に与える影響を評価するため、数値シミュレーションが広く用いられている。これらのモデルは、火災によるバイオマスの変化を予測し、生態系の持続可能性を評価する上で有効である。,0,machine_qwen-turbo
数値制御（NC）工作機械は、プログラム可能な所定の経路に従って切削工具を自動的に位置決めし送給するための装置を有する。感知デバイスは、加工中のワークピースや工具の状態をリアルタイムで監視し、そのデータを制御システムにフィードバックすることで、精度の高い加工を実現する。これにより、人為的な誤差が減少し、生産性と品質の向上が可能となる。さらに、複雑な形状でも一貫した加工が行えるため、現代の製造業において不可欠な技術である。,0,machine_qwen-turbo
本論文は、状態と制御の制約下での宇宙機の姿勢制御に生じる最適制御問題を解決する。まず、離散時間の姿勢ダイナミクスを導出する。このモデルは、四元数を用いた剛体姿勢表現に基づき、角運動量保存則を考慮して構築される。次に、制約付き最適制御問題として定式化し、目的関数に軌道追従誤差と制御入力のエネルギーを組み込む。さらに、制約条件として最大トルクと姿勢の許容範囲を設定し、これらをもとに最適制御則を導出する。最後に、シミュレーションを通じて提案手法の有効性を検証し、従来手法との比較を行なう。本研究により、実際の宇宙機運用においてより安全で効率的な姿勢制御が可能となることを示す。,0,machine_qwen-turbo
人間は話し言葉を認識するために視覚的および聴覚的音声信号の両方を使用する。このための様々なシステムが研究されてきた。ある日、研究室で新しいAIがテストされていた。それは、人の口の動きと声を同時に解析し、会話を理解しようとするものだった。しかし、実験が始まって間もなく、AIは不思議な反応を示した。ある人物が「こんにちは」と言うと、AIは「さようなら」と答えてしまった。研究者は驚き、再びテストを始めたが、同じ現象が繰り返された。なぜこのAIは正しい言葉を理解できなかったのか、その理由を探る旅が始まった。,0,machine_qwen-turbo
Cucumis meloに全身感染できない新株のメロン壊死斑点ウイルス。我々はメロンの新株を報告する。このウイルスは、従来のメロン壊死斑点ウイルスとは異なり、葉に局所的な病変を引き起こすが、植物全体には感染しないことが確認された。実験において、接種した葉にのみ症状が現れ、根や果実への拡散は見られなかった。この特性により、栽培管理において新たな対策が求められる。また、この新株の遺伝子解析結果から、既存のウイルス株とは系統的に異なることが判明した。今後の研究では、その発生メカニズムと影響範囲の解明が重要である。,0,machine_qwen-turbo
今日、あるブローカーからこれが送られてきた。取引終了後に詳細を彼と話すつもりだ。知っておいた方がいいと思って。ありがとう。ちょっと心配な感じがするけど、とりあえず様子を見ることにしよう。何かあったらまた連絡するね。,0,machine_qwen-turbo
本論文は、素特性pの可換ネーター局所環Rにおけるパラメータイデアルのフロベニウス冪について研究する。フロベニウス写像は、特徴的な代数構造を持つ環において重要な役割を果たし、特に正標数の環論においてその性質は深く研究されてきた。ここでは、Rのパラメータイデアルaに対して、フロベニウス冪a^{[p^e]}の挙動に焦点を当て、その高さや剰余環の次元に関する性質を明らかにする。この研究は、Rの正則性や強正則性の判定に寄与する可能性があり、また、対応する幾何的構造との関連性も考察される。本論文では、これらの観点からパラメータイデアルのフロベニウス冪の性質を体系的に解析する。,0,machine_qwen-turbo
ヴィタリー・セディクは、水曜日の事件後、暴行および不法活動の罪で無罪を認めた。彼は、裁判所から500ヤード（457メートル）の距離に位置する自宅に送られたが、その場所で再び警察と衝突した。この新たな出来事により、彼は再度逮捕され、今度はより重い刑罰を受けることとなった。セディクの行動は、地域社会に大きな混乱を引き起こし、法的問題の解決が急務となっている。,0,machine_qwen-turbo
セロトニン系の生化学的药理学。ヒトで使用されるセロトニンニューロンに特異的に影響を与える薬剤は比較的少ないが、多種多様な薬剤がセロトニン受容体に作用し、神経伝達を調節する。主に抗うつ薬や抗不安薬として用いられる選択的セロトニン再取り込み阻害薬（SSRI）は、セロトニンの再吸収を阻み、脳内濃度を上昇させる。また、セロトニン受容体の部分作動薬やアゴニストも、うつ病や不安障害の治療に利用されている。これらの薬剤は、セロトニン系の複雑なネットワークに影響を与え、精神状態や行動に重要な役割を果たす。,0,machine_qwen-turbo
初期、同時性、異時性結腸直腸腺腫におけるp53とbcl-2発現の比較。p53の重要性を調査するために、本研究はそれぞれの病変タイプにおける遺伝子発現パターンを解析した。結腸直腸腺腫は進行過程において異なる遺伝的変異を経験し、がん化のリスクを左右する重要な前段階である。特にp53は細胞周期制御とアポトーシスを担う主要な腫瘍抑制遺伝子であり、その機能障害はがんの発生に深く関与している。一方、bcl-2は細胞死を阻害する抗アポトーシスタンパク質として知られる。本研究では、これらの遺伝子の発現状況を免疫組織化学法により評価し、病変の進行度に伴う変化を明らかにすることを目的とした。,0,machine_qwen-turbo
活性汚泥から分離されたクロアシバクテリウム・カエニ sp. nov. グラム陰性、通性嫌気性細菌、 designated され、その特徴は未知の領域に迫る。研究者たちは、この微生物が環境中でどのような役割を果たすのかを知るために、日夜実験室で観察を続けた。ある夜、微かな光が培養皿の中で揺らめいた。それは、これまで見たことのない変化だった。そして、その小さな命が、未来の環境再生への鍵を握っていると気づかされるのでした。,0,machine_qwen-turbo
ギフトとしてこのシーツを注文した。交換される予定だ。「サテーン」という言葉から、これらは滑らかでしわになりにくいものだろうと想像していた。しかし届いた商品は、見た目にはそれほど特別な点が感じられず、触ってみてもやや硬い感触だった。梱包は丁寧で、品質にはある程度の信頼が置けるが、期待していたほどの柔らかさや快適さは感じられなかった。今後の使用感に期待するしかない。,0,machine_qwen-turbo
有限アーム確率バンディットに対する既存の戦略のほとんどは、事前に分かっていなければならないスケールパラメータに依存している。時にはこれは、現実の問題において非常に困難な情報であり、モデルの適用を制限してしまう。ある日、研究者である佐藤は、そんなパラメータに頼らず、データから自ら学ぶことができる新しいアルゴリズムを試みていた。彼のアイデアは、各アームの報酬分布を推定しながら、適切なバランスで探索と活用を行うものだった。しかし、最初の実験では予想外の結果が出てきた。どうしてだろう？彼は夜を徹してコードを追い、やがてその謎に気づく。,0,machine_qwen-turbo
これがアメリカでリリースされるのを20年待っていた。悪い知らせは、映画が非常に暗いことだ。冒頭のシーンでは、主人公が過去の悲しみに取り囲まれ、無力感に押しつぶされそうになっているのが見える。その暗さは、ストーリー全体を覆い、観客を静かな怒りと深い共感に導く。しかし、その陰影の中には、希望の僅かな光も忍ばせており、物語の終わりには予想外の転機が待ち受けていた。,0,machine_qwen-turbo
Bulbapedia、コミュニティ主導のポケモン百科事典より。この記事は、まだ公式にリリースされていない日本のポケモントレーディングカードゲームのカードについてである。現在のところ、これらのカードは公式な発表や販売が行われていないため、詳細な情報は限られている。しかし、ファンの間ではテスト版や非公式なデザインが噂されている。こうしたカードは、ゲームバランスやストーリーに与える影響が注目されている。また、今後の正式なリリースに備えて、プレイヤーたちは情報を収集し、議論を重ねている。,0,machine_qwen-turbo
バスケットボール、サッカーボール、サッカーボール、バレーボール、またはプレイグラウンドボールなどの膨張式スポーツボールには、自己完結型の空気補給システムが搭載されている場合が多く、この仕組みにより、ボールの空気圧を簡単に調整することが可能になります。このような技術は、選手が試合中にボールの状態を迅速に確認し、適切な性能を維持するのに役立ちます。また、長期間使用しても空気漏れを防ぐことで、耐久性と安全性を高めています。さらに、ユーザーにとって使い勝手が良く、メンテナンスも容易であるという利点があります。,0,machine_qwen-turbo
ターニャ：以前の会話に基づき、以下の当事者向けに（1）CSAなし、（2）双方向クロス接続を採用したシステム構成について説明します。この設計では、従来の中央集約型セキュリティアプローチに代わって、各ノードが自律的に通信を管理する仕組みを取り入れています。これにより、単一障害点のリスクが低減され、全体の信頼性が向上します。また、双方向クロス接続によって、データの流れをリアルタイムで最適化し、遅延や帯域の無駄を削減できるとしています。今後の実証試験での結果が注目されます。,0,machine_qwen-turbo
何千人もの人々がインド北東部の避難キャンプに殺到している。ここでは過去1週間の民族衝突で少なくとも41人が死亡している。治安部隊は混乱を鎮圧するため、厳重な警備を強化しているが、現地の住民は不安と恐怖に押しつぶされそうだ。私はこの出来事に強い関心を持ち、なぜこのような悲劇が起きたのかを知りたい。人々の尊い命が奪われたことに心を痛め、平和が戻ることを願うばかりだ。,0,machine_qwen-turbo
こんにちは、エイミーのウェブサイトと彼女の息子マックスに関する素晴らしい本を読んだ後、ホメオパシーを始めたところです。彼女の息子と私の娘の特徴や悩みがとても似ており、心に響きました。エイミーの経験を読みながら、私も自分の子どもたちに何かできることがあるかもしれないと思い、試してみることにしました。最初は不安でしたが、少しずつ知識を深め、実際に使ってみると、驚くほど良い効果を感じました。今では、家族の健康を支える大切な方法となっています。,0,machine_qwen-turbo
車両には、内燃機関の出力によって駆動され、出力を伝達することで駆動力を得ることができる補機が装備されている。これらの補機は、エンジンの回転をトランスミッションやドライブシャフトを通じてタイヤに伝え、車両の走行を可能にする。また、冷却や潤滑、電気系統などにも関与し、エンジンの効率と信頼性を高める役割を果たす。このような構造は、従来の自動車においても重要な技術であり、現在でも多くの車両で採用されている。,0,machine_qwen-turbo
Euro 2000 提案サイトのナビゲーションと言語。Minute Maniaの遊び方、および提案されたナビゲーションと言語を説明する2つの文書を添付する。まず、サイトのナビゲーションはシンプルで直感的になっていて、メニューから各機能にすぐにアクセスできるように設計されている。また、言語オプションは英語とフランス語に対応しており、ユーザーの好みに合わせて切り替え可能。次に、Minute Maniaというゲームのルールはとても簡単で、時間に制限されていて、速さと正確さがポイントだ。このゲームを通じて、ユーザーはサイトの使い方に慣れていくことができるだろう。,0,machine_qwen-turbo
"2011年の国勢調査データに基づくこの数字は、前年と比較して14,100人の増加を示している、と国立記録局は述べた。その増加率はわずか1.3％にとどまり、人口の伸びが鈍化していることが浮き彫りになる。都市部では特に顕著で、地方との格差はさらに広がる一方だ。人々は都会への移住を続け、少子高齢化が進む中、地域社会の再生産力は低下し続ける。記録局は今後も継続的な調査を進め、政策立案に必要なデータを提供するとしている。",0,machine_qwen-turbo
14歳の子供ともう一人の人物が、日曜日の午後に明らかなロードレージ事件で撃たれ、病院に緊急搬送されたと報じられた。この出来事は、単なる犯罪ではなく、社会的な問題を浮き彫りにするきっかけとなった。加害者の動機や背景が明確にされないままでは、単なる「事件」として扱われがちだが、こうした過激な暴力行為は、教育や家庭環境、あるいは地域社会の構造的問題と深く結びついている。子どもがこのような状況に巻き込まれるということは、私たちが無関心であることを許している現実を突きつける。真相究明と再発防止のための対策が求められるが、まずは被害者への支援と、社会全体の意識改革が不可欠だ。,0,machine_qwen-turbo
まったくのジャンク品。電池を入れたが電源が入らない。Home Easeがメーカーで電池の向きを間違えているのかと思って試してみたが、それでも反応はなく、ただ静かな闇だけが広がる。その手触りのなめらかさに惹かれて買ったのに、今や無機質な塊となり、私の期待を打ち砕いた。どれほど熱望していたことか、もう二度と触れることはないだろう。,0,machine_qwen-turbo
我々は、NASAの Rossi X-ray Timing Explorer (RXTE) を用いて、太陽系外の X 線天体で初のサブミリ秒振動を発見したことを報告する。この発見は、高精度な時間分解能を持つ観測機器の重要性を再確認するものであり、宇宙における極端な物理現象の理解に新たな道を開く。しかし、そのデータ解析においては、ノイズ除去や信号の正確な識別が課題であり、今後の研究ではより多くの観測データと理論モデルの統合が求められる。本研究は、X線天文学の進展に寄与する一方で、限られた観測機器の性能に依存している点が批評の余地を残す。,0,machine_qwen-turbo
説明オブジェクトの説明全体：画像が全体を占めており、タイトルは上部と左上部全体にわたって統合され配置されており、白の黒枠付き文字である。全てのテキストは明確で読みやすく、デザイン上のアクセントとして機能している。画像とテキストのバランスが取れており、視覚的な整合性が保たれている。タイトルの配置は、観者の注意を引きつけ、全体の構図を強調する効果がある。また、白黒のコントラストが高いため、情報の伝達力が向上している。このような設計は、視覚的訴求力と情報の明瞭さを両立させている。,0,machine_qwen-turbo
このケーブルを買ったのは、引っ越しの際にWii用の任天堂コンポーネントケーブルをなくしてしまったからだ。製品に最大30ドルもかけたくなかったので、安価な代替品を探した。ネットで評価が高く、見た目もそれほど悪くないものを選んだ。しかし届いたものは、写真と違って色が褪せていたり、端子が少し歪んでいたりと、期待外れだった。それでも、Wiiをつなげて動かすことができたので、なんとか使える状態にはなった。,0,machine_qwen-turbo
ギャビン・ヤングは2001年に72歳で亡くなった。少なくとも彼の記憶の中では、まだ旅を続けていた。この作品はほとんど絵画的な伝記である。彼の人生は、まるでキャンバスに描かれたように、色とりどりの出来事と感情が交錯していた。若い頃から異国を放浪し、さまざまな文化に触れながら、自分の内面を探求し続けた。その歩みは、単なる移動ではなく、自己の創造と再構築の旅でもあった。死の直前まで、彼はどこか遠くへ向かって歩いていたかのように思えた。,0,machine_qwen-turbo
食事によって変化するマイクロRNA発現：食べ物は薬になり得るか？代謝と主要な疾患プロセスとの関連がより明確になるにつれて、食物中の成分が遺伝子発現に与える影響が注目されている。特にマイクロRNAは、栄養素の摂取によってその発現が調節され、慢性疾患や炎症に関与することが明らかになってきた。この知見は、食事療法が単なる栄養補給ではなく、治療戦略としての可能性を示唆している。しかし、個々の遺伝的背景や生活習慣が影響するため、一概に「食べ物が薬」と断定するのは早計である。科学的根拠に基づいた実証研究が今後求められる。,0,machine_qwen-turbo
我々は、劣モジュラ・ブレグマン発散と呼ぶ、集合上の離散発散のクラスを導入する（同値としてバイナリベクトル）。これは、通常のブレグマン発散を拡張したもので、集合の表現に適した形に変形したものだ。この発散は、最適化問題や機械学習の分野で役立つことが期待されている。特に、データがバイナリベクトルで表されるような状況で、効率的な解析が可能になる。この新しい発散の性質について詳しく調べ、いくつかの応用例も紹介する。,0,machine_qwen-turbo
この計画の下では、GPや他の臨床医はイングランドの予算支出に対してはるかに多くの責任を与えられ、一方で民間部門とのより大きな競争が生まれる。これにより、医療サービスの質向上を目指す一方で、現場の医師たちは新たなプレッシャーに直面することになる。私は、この変化が短期的には混乱を引き起こす可能性があると考える。特に、限られた資源の中で効率的に運営しなければならないという負担は、医療従事者のストレスを増幅させるだろう。また、患者へのサービスが一層個人主義的になるリスクも考慮すべきだ。,0,machine_qwen-turbo
それは、現在提供されているケアに関する人々の経験と、どのように改善できるかについての意見を聞き、島の戦略を立てることができるようにしたいと述べた。話を聞くことに真摯に取り組むことで、それぞれの声が形になり、より良い未来が築けるだろう。地域の人々の実態を知ることで、ケアの質は向上し、誰もが安心して暮らせる場所になるはずだ。そのためにも、まずは耳を傾けることが大切だと感じた。,0,machine_qwen-turbo
改良された寿命を有する新しいイオン源が記載されている。一実施形態では、このイオン源はプロトン源であり、外部RFアンテナが取り付けられた。この構造により、イオン生成効率が向上し、長期間の運用でも安定した性能が得られる。また、メンテナンス頻度が減少し、コスト削減にもつながる。さらに、RFアンテナの位置や形状を最適化することで、より高い出力が可能になる。これは、特に高エネルギー粒子加速器などでの応用が期待される。,0,machine_qwen-turbo
Viz Mediaは12月6日に『ポケモン・クックブック』を書店に出すと発表した。同出版社のプレスリリースによると、14.99ドルのこの本には、ポケモンたちが好きな料理や、ゲーム内で登場する名物料理が紹介されている。レシピには、ピカチュウやイーブイなど人気ポケモンのキャラクターにちなんだものも含まれており、ファンにとっては魅力的な内容となっている。また、ポケモンの世界観を踏まえた食材や調理法が工夫されており、食事の楽しさとポケモンの世界を同時に楽しめることが期待されている。,0,machine_qwen-turbo
この製品は素晴らしい。Wenの3種類の「フレーバー」をすべて試してみたが、これが私のお気に入りだ。初めて使った時から、その使い心地に驚かされた。スムーズで軽い感触と、持続的な香りが特徴で、長時間使用しても不快感を感じないのが魅力だ。また、デザインもシンプルで高級感があり、持ち運びにも便利だ。多くのユーザーが評価している理由が、実際に使ってみてようやく理解できた。,0,machine_qwen-turbo
トニー・ベネットとレディー・ガガは、6月24日にニューヨークで開催されるヒラリー・クリントンの大統領選挙キャンペーンの資金集めイベントで演奏する予定である。プラザホテルでのイベントは、政治的立場を明確に示すパフォーマンスとして注目を集めているが、アーティストの政治的中立性を問う声も上がっている。音楽家が選挙活動に参加することは、芸術と政治の境界を曖昧にする可能性がある一方で、社会的メッセージを伝える手段としても機能する。この出来事は、エンタメ業界における政治的関与の増加を象徴し、その影響について議論を呼ぶことになるだろう。,0,machine_qwen-turbo
ハデナム出身のロブ・ブレスラーは、チャンピオンシップ史上2番目に多い61人の対戦相手を倒し、男子タイトルを獲得した。その道のりは決して平坦ではなかった。幼い頃から格闘技に夢中だった彼は、地元のジムで厳しいトレーニングを積み、試合を通じて成長した。しかし、頂点に立つにはそれだけでは足りなかった。数え切れないほどの敗北と怪我を乗り越え、そして絶え間ない努力が、ついに結果をもたらした。試合終了のベルが鳴ると、観客の歓声が天井を突き破る。ロブは拳を上げ、その瞬間に、すべての苦労が報われたと感じた。,0,machine_qwen-turbo
このKVMスイッチの使用を始めて3週間後に問題が発生した。IOGEARのテクニカルサポートに電話してデビーと話した。彼女はとても親切で、いくつかの基本的なステップを試すように言ってくれた。でも、それにもかかわらず問題は解決しなかった。結局、新しいスイッチに交換してもらうことになったけど、その過程で結構時間がかかったし、ちょっと面倒だったな。今ではもう少し信頼できる製品を使いたいなって思ったよ。,0,machine_qwen-turbo
スリーブ胃切除後のメタドンのバイオアベイラビリティ：計画された症例観察。オピオイド補充療法中の病的肥満患者は、手術を受ける前からメタドンを使っているケースが少なくない。でも、手術後に薬の効き方が変わる可能性があるって聞いたことがある。だから、この研究では、スリーブ胃切除を受けた患者のメタドンの吸収や代謝を調べてみようと思った。具体的には、術前と術後の血中濃度を比較して、薬の効果に変化がないかを見たい。,0,machine_qwen-turbo
マンデルブルブ、マンデルブロ集合の3D版。この3Dプリントには3つの興味深い点がある。第一に、従来の2Dのマンデルブロ集合とは違って、奥行きが生まれていて、見ている角度によって形がどんどん変わるんだ。第二に、細かい構造が立体的に表現されていて、スライドしながら見るとまるで宇宙を旅している気分になるよ。第三に、実はこの3D版は数学的な美しさと芸術的なデザインが融合していて、部屋に飾ってもすごくかっこいいんだ。ちょっとしたインテリアとしてもおすすめだよ。,0,machine_qwen-turbo
アッカドのナラム・シン王の石碑、紀元前2250年頃。ウィキメディア。連邦準備制度理事会は引き続きその基準金利を据え置くと発表しました。この決定は、景気の減速を抑えるためのもので、市場にはある程度の安心感が広がっています。しかし、インフレのリスクがまだ残っているため、今後の動向が注目されています。,0,machine_qwen-turbo
ワシントン — ジョン・ケリー国務長官は月曜日の夕方、彼が使用した政治的に帯びたフレーズをめぐって論争が勃発した後、イスラエルへの支持を表明する異例の声明を発表した。この発言は、米国の外交政策に対する国内の反応を再燃させることになった。ケリー長官は、イスラエルとパレスチナの和平プロセスに向けた米国の姿勢を強調し、対立を避けたいという意思を示した。一方で、批判者からは「バランスが取れていない」との声も上がっている。,0,machine_qwen-turbo
2準位系（TLS）と単一ボソンモードの相互作用は、量子光学における最も基本的なプロセスの一つである。微視的には、この系は光子と原子の間のエネルギー交換を表していて、例えばレーザーの発振や量子情報処理に重要な役割を果たす。この相互作用は、通常、Jaynes-Cummingsモデルで記述されることが多い。このモデルでは、TLSが二つの状態（基底と励起）を持ち、ボソンモードは光子の数で表される。両者の結合により、エネルギーが往復する現象が起きる。これは量子干渉やエンタングルメントの基礎にもなる。,0,machine_qwen-turbo
有限のトレーニングセットからのオンライン学習を、無限小でない学習率TJで分析する。統計力学の拡張により、モデルのパラメータはエネルギー関数に従って変化し、時間とともに確率的な分布を形成していく。この過程は、熱平衡に近い状態を経て、最終的に最適な解に収束する可能性がある。しかし、学習率が大きすぎると、システムは不安定になり、収束が不可能になることもある。そんな中、ある日、研究者は偶然にもこのモデルが、物理的な系と類似した挙動を示すことに気づく。そして、新たな理論が生まれる瞬間だった。,0,machine_qwen-turbo
先月開始されたこのキャンペーンでは、ブラックプールタワーとブライトンビーチ近くの落書きの写真が掲載されている。マーク・アンダーソンはこれらの広告を恥ずかしく思った。彼は地元のアート愛好家で、かつて自分の手で描いた壁に、今や誰かが勝手に落書きをしているのを見て心が痛んだ。ある日、彼は偶然にもその写真を見つけて、自分たちの街がどうしてこんな状態になったのかを考え始めた。そして、彼は一歩踏み出して、地域の人々を集めて、美しいアートで街を変えていくことを決意した。,0,machine_qwen-turbo
光学収差、スティルス・クロフォード効果、網膜解像度の測定のためのマクスウェルビューの主光線のビデオモニタリング…これらのテーマは、視覚科学や光学の研究でよく使われる重要な概念です。特に、スティルス・クロフォード効果は、目の不調や屈折異常を診断する際に役立ちます。一方、マクスウェルビューを使った主光線のビデオモニタリングは、網膜の解像度を正確に評価するための技術として注目されています。これらは、眼の機能をより深く理解し、治療法の開発にもつながる重要な研究です。,0,machine_qwen-turbo
慢性静脈不全患者の治療における半合成ジオスミンの誘導体。前向き研究の結果 - pHを用いた...本研究は、慢性静脈不全患者に対する半合成ジオスミンの誘導体の有効性と安全性を評価するため、前向きな臨床試験を行った。特に、pH依存性の薬剤放出機構を備えた新しい製剤が、従来のジオスミンに比べてどの程度改善されるかを検証した。対象者は120名で、無作為化され、2群に分けられ、それぞれ異なる剤形を投与された。その結果、pHに応じた放出を示す誘導体群では、下肢の浮腫や痛みの軽減がより顕著に観察され、副作用も少ないことが判明した。この結果から、新たなジオスミン誘導体は、慢性静脈不全治療において有望な選択肢となる可能性がある。,0,machine_qwen-turbo
ユヴェントスのフォワード、アレッサンドロ・デル・ピエロは、5月のアタランタ戦の後、イタリアのセリエAトロフィー、スクデットを掲げている。この勝利により、ユヴェントスは今シーズンのセリエAで優勝を果たし、クラブ史上10回目のタイトルを獲得した。デル・ピエロはその試合で決定的なゴールを決め、チームの勝利に大きく貢献した。彼の活躍は、長年にわたるユヴェントスへの貢献を再確認するものとなった。選手としてのキャリアを通じて、彼は常にチームの中心的存在であり、今後のキャリアにも期待が寄せられている。,0,machine_qwen-turbo
スタンド機能を備えた容器が開示される。当該容器は、大きな開口端を有するトレイと、当該開口端のための規定された蓋閉鎖体とを含み、スタンド機能を提供する。この構造により、ユーザーは容器を安定して立たせることができ、収納や使用時の利便性が向上する。また、蓋閉鎖体は、開口端を確実に閉じる機能を備えており、内容物の漏れや外部からの汚染を防止する効果がある。さらに、スタンド機能は、容器の設置場所を選ばず、多様なシーンで活用できる点が特徴である。このような設計は、実用性と安全性を両立させた優れた発明として評価される。,0,machine_qwen-turbo
『エディ・ザ・イーグル』や『キングスマン』映画に出演したエガートンは、映画芸術科学アカデミーに招待された928人の一人である。彼は昨年、オスカー賞のノミネートを逃したものの、今後も注目されるスターとして活躍し続けるだろう。今回の招待は、彼のキャリアにおける大きなステップとなり、今後の作品にも期待が高まっている。,0,machine_qwen-turbo
原始的な視覚グルーピング能力から視覚表現学習をブートストラップするためのフレームワークを作成する。我々は、画像をパーティションに分割する輪郭検出器を介してグルーピングを運用化する。このアプローチにより、オブジェクトの境界を明確に捉え、構造的な特徴を抽出する。これにより、低レベルの視覚情報から高次の意味を持つ表現を生成できる。さらに、グループ化された領域を基にした特徴マップを用いて、教師なし学習を行うことで、汎用的な視覚表現を獲得する。この手法は、データに依存しない柔軟な学習機構を提供し、将来の視覚認識システムに新たな可能性を拓く。,0,machine_qwen-turbo
アンサンブル法は、安定性を高め、収束速度を上げ、探索を改善するために、強化学習（RL）に広く応用されてきた。これらの方法は、複数のエージェントやモデルを組み合わせて動作させることで、個々のアルゴリズムの限界を補完し、より頑丈な意思決定を可能にする。例えば、異なる初期化やパラメータを持つ複数のネットワークを並列に学習させ、その出力を統合することで、過学習のリスクを減らし、一般化性能を向上させる。また、モンテカルロ法やQ学習などのベースアルゴリズムと組み合わせることで、効率的な学習が促進される。このようなアプローチは、特に複雑な環境での強化学習において高い性能を発揮する。,0,machine_qwen-turbo
ランディン・リンクス近くの農場を所有するスチュワート・ラッセルは、約11時に自分の複座飛行機で私有滑走路に接近していた。この地域は一般的に飛行活動が少ないため、彼の飛行は特に注目を集めた。しかし、ラッセルはその日の飛行中に予期せぬ技術的な問題に直面し、滑走路への着陸を難しくした。このような状況下で、彼は迅速な判断を下す必要があった。この出来事は、私有空域における飛行安全と緊急時の対応策について再考を促す重要なケースとなった。,0,machine_qwen-turbo
1989年に7歳の少女へのわいせつ行為で男が懲役刑に。裁判所は、少女が叔父を許すことが彼女自身の救いであると判断した。しかし、その言葉はただの法的な飾りであり、実際には家族の絆が罪を覆い隠すための道具となった。少年の目には、恐れと混乱が入り交じっていた。彼は自分が犯した罪を理解していなかったし、それでも人々は彼を「悪者」と見なさず、むしろ「悲劇の主人公」として扱った。その結果、真の償いはどこにもないまま、時間が過ぎていった。,0,machine_qwen-turbo
ビクトリア線とセントラル線では、金曜日と土曜日に終夜運行が行われ、約10万300回のトリップがあった。英国交通警察（BTP）は、こうした夜間の運行においても安全を確保するため、巡回や監視を強化していた。特に、酔っぱらいによるトラブルや不法侵入などの事案を防ぐために、警官が駅や列車内を定期的にチェックしていた。また、乗客への注意喚起や緊急時の対応体制も整えられ、多くの利用者が安心して夜間に利用できるよう配慮されていた。,0,machine_qwen-turbo
この島は、その優れた自然景観により、ユネスコによって20の新しい生物圏保護区の一つに選ばれた。他の場所には、ウルル（エアーズ・レジーナ）のような雄大な岩が広がる土地があるが、ここはまるで別次元の世界だ。朝早く目覚めると、海と空が一体化したような青が広がり、鳥のさえずりが心を癒してくれる。人々は皆、静かに過ごすことを好み、時間がゆっくりと流れるこの島に心を奪われていく。まるで、日常から隔絶された楽園のように感じる。,0,machine_qwen-turbo
昨日『Me & Emma』を読み終えたが、最後の20ページほどからまだ立ち直れていない。さて、戻って読まなければならない。この小説は、主人公の内面と周囲との関係性に深く焦点を当てており、感情の揺れや葛藤を鋭く描き出している。特に物語のクライマックスでは、登場人物の選択とその結果が、読者に強い衝撃を与える。このような構成は、物語の完成度を高める一方で、読者の心理に長く残る影響をもたらす。今後、この作品の再読を通じて、より深い理解を得たいと考えている。,0,machine_qwen-turbo
本発明は、そのような方法で使用するための通信方法および端末(500)に関する。当該方法は、少なくとも2つの相互接続された端末を使用する。まず、一つ目の端末が二つ目の端末にデータを送信し、その応答を待つ。このプロセスを通じて、両端末はリアルタイムで情報をやり取りし、効率的な通信が可能になる。私はこの技術が今後のデジタルコミュニケーションにおいて重要な役割を果たすと考える。特に、遅延の少ない高速通信が求められる場面で、その価値が際立つ。この発明によって、よりスムーズで信頼性の高い通信が実現されると信じている。,0,machine_qwen-turbo
どうやら私の子供はまだ責任ある親になることを学んでいないようだ。なぜなら、彼女はすでに赤ちゃんを失くしてしまったからだ。ミッジの非常に非アメリカ的な考えだけど、彼女はそれが「人生の一部」と言って、あまり気にしないらしい。でも、私には信じられないよ。だって、赤ちゃんをもう一度産めるってことは、もう一度その悲しみを味わうってことだろ？ それに、彼女の心にはもう大きな穴が開いてる気がする。,0,machine_qwen-turbo
確かに、これは20ドルのホースだが、自分の目的には十分だろうと思った。私は小さな低木のグループしか持っていないし、それほど広い敷地でもないため、この馬はちょうど良いサイズだと感じた。しかし、その選択が後に大きな誤解を生むことになるとは、まだ知らなかった。,0,machine_qwen-turbo
（CNN）共和党下院議員スティーブ・キングは金曜日、一部のアメリカ系ユダヤ人は「ユダヤ人よりも民主党員であることを優先している」と感じていると示唆した。「私が理解できないのは、なぜ彼らが自分の宗教的・文化的背景を無視して、政治的な立場を優先するのかである。」この発言は、米国の政治的分極化の中で新たな論争を引き起こす可能性がある。キング氏はさらに、ユダヤコミュニティの一部が民主党に強く傾いていることへの懸念を表明し、これにより対立が高まっている。,0,machine_qwen-turbo
ウィキリークスが7月にハッキングされた民主党全国委員会の電子メールの山を公開したとき、ウェブサイトの創設者ジュリアン・アサンジは世界に約束した「真実を明らかにする」と。しかし、その行動は単なる情報の解放ではなく、政治的プロパガンダと見なされるべきだ。アサンジは、情報の透明性を唱えながらも、特定の勢力に有利な内容のみを選び取った可能性がある。また、国際的な法的規範を無視した行為であり、国家間の緊張を高める要因となった。真実の追求という名のもとに、意図的な影響力行使が行われたと批判されるべきである。,0,machine_qwen-turbo
第一原理多体アプローチを用いて、SiCのナノメートルサイズのリボンのバンド構造と光学応答を計算する。多体効果は、電子間相互作用を考慮した場合に顕著に現れ、特に光吸収特性や励起子効果に重要な影響を与える。本研究では、GW近似を用いて自己エネルギーを評価し、その後、クーロン相互作用を含む電磁場との結合を考慮したBSE（Bloch-Schrödinger方程式）により光学応答を計算した。その結果、リボンの幅に依存したバンドギャップの変化が確認され、それに伴う光学吸収ピークのシフトが観測された。このように、多体効果はSiCナノリボンの電子的・光学的性質を正確に予測するために不可欠である。,0,machine_qwen-turbo
マイクロアレイは、大規模な遺伝子配列と遺伝子発現解析のための重要な機器および強力な新技術と考えられている。この技術の主要な課題の一つは、非常に繊細で複雑なデータを正確に読み取ることにある。まるで夜空に広がる星々のように、数え切れないほどの遺伝情報がその表面に刻まれている。しかし、その光は時に揺らぎ、誤解を生むこともある。私たちはその輝きに導かれながらも、常に注意深くその真実を探り求めなければならない。それは、生命の謎に触れようとする旅であり、希望と不安が交錯する場所である。,0,machine_qwen-turbo
パーラーゲームが狂気と化した。作者自身も、何年も後に書いた（成功しなかった）続編では、この本の多くを否認している。まるでその世界そのものが暴走したかのように、登場人物たちは理性を失い、現実と夢の境界が曖昧になる。読者もまた、物語の渦中に引き込まれ、自らの思考を失ってゆく。これは単なる小説ではなく、一種の呪文のような力を持つ。そして、その呪文にかかりきりになった者は、もう二度と元の世界に戻ることはできないのだろう。,0,machine_qwen-turbo
我々は、RufeNetと呼ばれるニューラルネットワークを記述する。これは、正式な文字列操作において明示的な記号的条件-行動ルールを学習するためのアーキテクチャである。RufeNetは、従来の言語モデルとは異なり、入力された文字列に対して特定の規則に基づいて変換を行う能力を持つ。例えば、ある文字列が特定のパターンに一致した場合、それに応じて新たな文字列を出力する。このように、RufeNetは論理的かつ構造的な処理を可能にし、形式的な問題解決における柔軟性と正確性を高めている。,0,machine_qwen-turbo
RE: 会社保証書。サラへ。話し合いの通り、添付のものは (i) 保証書の黒線版、変更を示すもの。(ii) 修正後の文書。このメールは、先日行われた会議で合意された内容に基づいて、関係するすべての parties に通知するためのものです。黒線版は、元の文書と比較して変更点を明確に示しており、修正後の文書は最終的な形態を反映しています。今後、これらの資料は契約の履行や関連する手続きにおいて重要な参考資料となります。ご確認いただき、問題がなければご返信いただければ幸いです。,0,machine_qwen-turbo
確率的二分法アルゴリズムに基づく新しい効率的な物体検出と局在化フレームワークを提示する。畳み込みニューラルネットワーク（CNN）は、画像処理において高い精度を示すが、計算コストが高く、リアルタイム処理に不向きであるという課題がある。本研究では、確率的二分法を用いて特徴マップを効率的に選択し、不要な計算を削減することで、処理速度を向上させる手法を提案する。このアプローチにより、精度を維持しつつ、メモリ使用量と実行時間を大幅に削減することが可能となる。,0,machine_qwen-turbo
スーパーリーグのカスは、23歳がサリーに移籍した後、50万ポンドの補償を求めているとみられる。彼はタイガースと契約していたが、新たな挑戦を求めて今シーズンの移籍市場で動き始めた。この移籍はクラブ間での激しい交渉を引き起こし、ファンの間では賛否両論が巻き起こっている。私は、選手の成長を願う一方で、補償問題がクラブの財政に与える影響も懸念される。このような状況は、スポーツ界の複雑さを改めて感じさせる。,0,machine_qwen-turbo
"...それがマイケル・J・ネルソンになったのだ。  
この本は、日常の厄介事、妻と子供たち、フラストレーションについて論じたエッセイ集である。  
朝のコーヒーが冷たく、靴下が片方だけ見つからない。  
家族の笑い声が壁を叩くように響き、  
時間は過ぎるが、心は止まらない。  
毎日の戦いは、小さな勝利と大きな敗北で満ちている。  
だが、その中にこそ、生きる意味が隠されている。",0,machine_qwen-turbo
スコット・ブラウンは、水曜日の夕方のフォックス・ビジネスでのインタビューで、ジョン・ケリーのイスラエル演説に対して痛烈な反論を発表した。ケリーは水曜日の午後、オバマ大統領がパレスチナ人との和平交渉を進めるためにイスラエルに圧力をかけていると述べた。これにブラウンは、「彼（ケリー）はアメリカの立場を誤解している」と語り、オバマ政権の対イスラエル政策に強い不満を示した。,0,machine_qwen-turbo
私は『スタントマン』（1982年）を、オトゥールの女優の一人が「撮影中に死んだ」という噂を耳にしたとき、胸が締め付けられた。その映画は、スターの裏側で命をかけて働くスタントマンたちの物語だったが、なぜかその女優の名前は今も思い出せない。ただ、彼女の姿が銀幕に映るたび、私の心には不思議な不安がよぎるのだった。,0,machine_qwen-turbo
好ましくはプラスチックで構築された気密密封された浮遊球体が海底に固定された発電システム。球体は、海流や潮の動きによって回転し、その運動エネルギーを発電機に変換する仕組みである。このシステムは、海洋環境に与える影響を最小限に抑えながら、持続可能なクリーンエネルギーを供給するものであり、再生可能エネルギー技術の新たな展開として注目されている。また、耐久性と安全性に配慮した設計により、長期的な運用が可能となる。,0,machine_qwen-turbo
タンクトッパーは非常に速く届き、発送の速さに満足した。しかし、組み立ては難しく、ケージの側面がずれていたため、完成した形が歪んでしまった。説明書も分かりにくく、いくつかの部品が見つからないままだった。最終的に無理やり組み上げたが、安定して使えるかどうか心配だった。このような経験から、製品の品質だけでなく、使い勝手やサポート体制も重要だと感じた。,0,machine_qwen-turbo
保護眼鏡アセンブリは、透明プラスチック材料から一体成形された一体型の偏心レンズピースを含む。レンズピースは左右の目の位置に合わせて設計されており、片方のレンズがもう片方よりもやや上方に配置されている。この構造により、使用者が前方を向いた際に、顔の動きに応じてレンズの角度が自動的に調整され、視界の歪みを最小限に抑えることができる。また、レンズピースは軽量で衝撃に強く、長時間の使用でも快適さを保つよう工夫されている。,0,machine_qwen-turbo
本論文では、薄膜トポロジカル絶縁体（TI）における材料パラメータと外部電場効果の役割について、詳細に考察する。トポロジカル絶縁体は、表面状態において量子ホール効果を示す特異な物性を持つため、次世代電子デバイスへの応用が注目されている。特に、薄膜構造では界面散乱や電荷輸送の挙動が変化し、トポロジカル相転移が起こる可能性がある。ここでは、バンドギャップやスピン・オービタル相互作用といった材料パラメータが、外部電場によってどのように制御されるかを明らかにし、その結果として現れる電子的性質の変化を解析する。,0,machine_qwen-turbo
それは本当ですか？何を主要経済と見なすかによる。国際通貨基金（IMF）は1月に、世界の主要経済国のリストを更新したが、その中に中国が含まれていないことに驚いた。これまで多くの国が中国を主要経済国として認めてきたにもかかわらず、IMFの最新のデータでは、中国は依然として「中進国」として扱われている。これは、中国の経済規模や影響力とは矛盾しているように思える。なぜこのような判断が下されたのか、疑問を感じずにはいられない。,0,machine_qwen-turbo
このMr. Coffeeマグウォーマーを数週間前に購入し、とても満足しているので、主に朝のコーヒーがより一層心地よく感じるようになった。温かいマグカップに注がれたコーヒーは、優しくて心を包み込むようだ。まるでその一杯が、一日のはじまりを静かに迎えてくれているような気がする。小さな幸せが積み重なって、日々の暮らしを温かくしてくれる。,0,machine_qwen-turbo
"スペクトラム拡散信号のロック状態を  
検出するための装置は、  
第一のアキュムレータが静かに蓄え、  
計算ユニットが夢のように動き出す。  
第二の計算ユニットはその影を追うように、  
第二のアキュムレータに光を届ける。  
静かな脈打ちは、  
信号の心を読み取る。",0,machine_qwen-turbo
フェイクニュースなどの誤情報は、現代社会の大きな課題の一つである。自動化されたファクトチェックの研究は、教師あり学習に基づく手法を提案してきた。これらのアプローチでは、既知の真偽情報をもとにモデルを訓練し、新たな記事の真偽を予測する。しかし、データの偏りや言語の多様性により、モデルの一般化能力に課題が残されている。近年では、トランスフォーマーを基盤とした深層学習モデルが広く用いられ、精度の向上が見られている。一方で、解釈性や計算コストの問題も指摘されており、実用化にはさらなる技術的進展が求められる。,0,machine_qwen-turbo
ポールへ：「削減」データをまとめるための追加情報です。コアガス顧客向けの公益事業価格設定。問題の月の前には、各顧客がどのくらいのエネルギーを消費したかを正確に把握する必要があります。また、その期間における特別な要因やキャンペーンの影響も考慮に入れるべきです。これにより、削減目標に対する実際の進捗をより正確に評価できます。,0,machine_qwen-turbo
都市への飛行機墜落：オペレーション・クラッシュ・アンド・サージ。この記事は、フロリダ州でこれまでに実施された最大の実動演習から得られた経験について述べている。夜明け前の空は静かだったが、緊張が空気を揺らした。数え切れないほどの訓練用飛行機が低空を滑り、都市の街並みを脅かすように飛んでいた。人々は夢の中から覚め、窓の外を見上げた。その瞬間、すべてが止まった。時間も、呼吸も、未来も。そして、一瞬の衝撃が、現実を変える。,0,machine_qwen-turbo
デバイスはサーバーと無線ネットワークを介して通信している。アイテムはデバイス内にローカルに保存される。デバイスは、デバイスのユーザーから新たな情報を取得し、それをもとに自動的にデータを更新していた。ある日、ユーザーがアプリを開くと、いつもと違うメッセージが表示された。「あなたの行動が変化しました。」その瞬間、デバイスのランプが赤く点滅し、サーバーとの接続が途切れ始めた。,0,machine_qwen-turbo
グレッグ、デイビッド。皆さんがレイオフについていくつかの結論に達したと思うが、今私たちが対処する必要があるのは、維持すべき人々である。誰を残すかは、この会社の未来にとって非常に重要な判断だ。まずは、各部署のパフォーマンスと戦略的な重要性を見直す必要がある。そして、チームの士気を保つためにも、透明性を持って説明していくことが大事だよ。,0,machine_qwen-turbo
『Gerry』を買ったときは興奮した！ガス・ヴァン・サント、デイモン、アフレック...良い映画の材料はすべて揃っていた！だが、実際見てみると予想外だった。無言のまま歩き続ける2人の男の姿が、どこまでも続く砂漠に溶け込んでいく。まるで時間を忘れさせられるような静かな緊張感。カメラも動きが少なく、観る者を徐々に不安に陥れていく。意外にも、この無駄なように見える時間が、最大のドラマを生み出していた。,0,machine_qwen-turbo
元ウエストライフのシェーン・フィラン歌手の兄弟フィンバー・フィランは、レヌア・アイルランドから出馬する予定である。フィラン氏は、2024年の欧州議会選挙に立候補するため、政治活動を開始した。彼は、地元の支持者と連携し、経済的不平等や環境問題への対策を主張している。フィンバー・フィランは、音楽業界での経験を活かし、市民との強いつながりを強調している。現在、選挙キャンペーンを本格化させ、支持者の関心を集めており、今後の動向が注目されている。,0,machine_qwen-turbo
最近のDNAベースの方法のレビューでは、食品の不正混入や誤表示、それに伴う商業詐欺が深刻な問題として取り上げられている。特に、動物由来の成分を偽装したり、価値のある食材を安物で置き換えるような行為は、消費者の信頼を損なうだけでなく、健康にも悪影響を与えることがある。このため、正確な食品識別が不可欠で、DNA検査技術が注目されている。今では、PCRや次世代シーケンシングなどの手法を使い、わずかな量でも成分を特定できるようになった。こうした進展により、食品の真実性をより正確に確認できるようになり、規制機関や企業にとっても重要なツールとなっている。,0,machine_qwen-turbo
安全性は、学習ベースのロボット工学および自律システムにおいて重要な問題である。なぜなら、環境について学習された情報はしばしば信頼できず不正確だからである。本論文では、こうした課題に立ち向かうための新しい安全制御フレームワークを提案する。このアプローチは、学習されたモデルと実際の世界との乖離を最小限に抑え、リアルタイムでのリスク評価と適応的反応を可能にする。技術的な進展とともに、人間と機械の協働が進む中で、安全性は単なる機能ではなく、存在そのものの尊厳を支える基盤となる。私たちの目指す未来は、信頼できる知能が、人の心に寄り添いながら歩んでいくものである。,0,machine_qwen-turbo
これは私のお気に入りのボンド映画の一つである。ピアース・ブロスナンの演技とストーリーラインの間に素晴らしい調和がある。ある人は、この映画がシリーズの中で最もドラマチックな作品であると評している。物語は複雑な陰謀と人間関係を描きながらも、スパイ活動の緊張感を失わず、観る者を引きつける。また、アクションシーンの構成や音楽の質も高く、映画全体に洗練された印象を与える。このような要素が組み合わさることで、この映画は単なるエンタメではなく、芸術的な価値を持つ作品として評価されている。,0,machine_qwen-turbo
2つの放送局は、ゴールウェイでの式典で合計5つの金賞、7つの銀賞、2つの銅賞を受賞した。BBCラジオ・フォイルは、ローカルニュースの報道において優れた質を示し、地域の関心事を的確に伝えている。しかし、受賞作品の多くが同じジャンルに偏っていることや、国際的な視点が欠如している点が指摘される。また、一部の作品では制作技術や構成に課題があり、評価の幅が狭まっている印象を与える。このように、受賞はその功績を称えるものであるが、より多様な表現と高い基準の維持が求められる。,0,machine_qwen-turbo
すべての花がバラのような香りを放つわけではないが、ブルーマウンテンズで発見された新しい植物は、腐った魚のような臭いの花を咲かせる。植物学者のグレッグ・スティーンビーは、その不思議な香りに興味を惹かれ、この植物の特徴を調査した。彼は、これが他の植物と異なる独特の繁殖戦略を持っていることを明らかにした。この花は、腐肉を好む昆虫を引き寄せるためにその匂いを使っていると考えられている。このような仕組みは、他の地域でも見られるが、この種の植物は特に珍しく、生態系において重要な役割を果たしている可能性がある。,0,machine_qwen-turbo
アップルは、Mac OS Xの最新バージョンであるMountain Lionを水曜日にリリースすると予想されている、と報告書が伝えている。カリフォルニア州クパチーノの同社は、今月の終わりまでにこのOSを正式に公開する予定だ。これは、これまでのバージョンに比べてより多くのiOSの機能を取り入れたもので、ユーザーインターフェースも見直されている。また、セキュリティやプライバシーの強化も特徴の一つだ。開発者やテクノロジー愛好家たちからは高い関心が寄せられており、今後の展開が注目されている。,0,machine_qwen-turbo
対話型エアロビックコンディショニングを提供する改良されたクロスカントリースキーシミュレーション運動マシンは、ベースフレームと、ベースフレームに可動に取り付けられた一対のフットスケートとを有する。そのフットスケートは、滑らかな雪の上を歩くような感覚を再現し、ユーザーはまるで山脈を駆け抜けるかのように体を動かす。画面にはリアルタイムで地形が描かれ、ユーザーの動きに応じて難易度が変化する。ある日、このマシンを使っていた若い女性は、まるで夢のような体験をした。,0,machine_qwen-turbo
"マイクロデバイス製造におけるレチクルの適切な取り扱いを保証する方法および装置が開示される。  
当該方法および装置は、1つ以上のレチクルを精密に搬送し、その表面を傷つけることなく、清潔な環境で保管・使用することを可能にする。  
センサーにより位置をリアルタイムで追跡し、異常を即座に検知して対処する。  
これにより、製品の品質が向上し、生産効率も飛躍的に改善される。  
技術の進化は、微細な世界をより正確に描き出す力となる。",0,machine_qwen-turbo
円盤銀河における逆回転星は、その起源が衛星の降着現象か、あるいは銀河内部のガスの乱流によるものか、長年議論されてきた。近年の観測では、これらの星が銀河の中心部から遠く離れた場所で形成された可能性が指摘されている。特に、銀河が他の天体と衝突し、その際の重力的な影響でガスが逆方向に回転する現象が関係していると考えられる。このようにして生まれた星は、通常の回転方向とは異なる運動を持つため、銀河の構造や進化に関する重要な手がかりとなる。,0,machine_qwen-turbo
グローバル会計に影響を与える問題と機会について議論し対処するために、比較的小さなグループをまとめたい。このグループは、国際的な会計基準の整合性や規制の違い、テクノロジーの進展がもたらす変化といった課題に焦点を当て、実務上の課題を解決するための提言を策定することを目的とする。また、多国籍企業における財務報告の透明性向上や、持続可能な経営に向けた会計手法の導入など、今後の発展に向けた機会を探る。この取り組みを通じて、グローバルな会計環境の整備と効率的な運用の実現を目指す。,0,machine_qwen-turbo
運輸副大臣ケビン・ルイスは、これらの変更はそれらの道路での事故のリスクを減らすべきだと述べた。速度制限変更の要請は、近年の交通事故の増加を背景に、地元住民や交通関係者から寄せられたものである。ルイス氏は、新たな速度制限が安全な移動環境の確保に寄与し、特に歩行者や自転車利用者の保護に効果があると強調した。また、導入にあたっては、地域の実情を考慮した適切な設計が求められると語った。この動きは、全国的な交通安全対策の一環として注目されている。,0,machine_qwen-turbo
このファインダースコープは素晴らしく、非常に使いやすかったが、6ヶ月も持たなかった。入切ノブはわずか3ヶ月で故障し始めた。メーカーの対応は遅く、修理には長期間を要した。ユーザーからは「品質に不安が残る」との声が上がっている。製品の信頼性に対する懸念が広がる一方、販売店側は改善策を検討中と語っている。,0,machine_qwen-turbo
アメリカは、アルカーイダの関連組織であるアルシャバブと戦うソマリアに軍事支援を提供している。アルシャバブは、アフリカ大陸で最も残忍なテロ集団の一つとされ、地域の平和と安定を脅かしている。彼らは爆弾攻撃や誘拐を繰り返し、無実の民間人を苦しめている。アメリカの支援は、ソマリア政府軍や国際部隊を強化し、アルシャバブとの戦いを効果的に進めるためのものだが、その行動が長期間にわたる混乱を招く可能性もある。私は、戦争よりも対話と経済的支援が解決への鍵だと信じている。,0,machine_qwen-turbo
この動きは、サンダーランドの10代の少女ペイジ・ハンターに触発された。彼女はウェアマウス橋の支柱と手すりに何十枚もの励ましのメモを貼り付けた。その中の一つには、「あなたは大丈夫だよ」と書かれていた。誰もがそのメッセージに心を動かされ、次第に多くの人々が同じようにメモを貼り始めていった。そして、その小さな行動は、町全体に希望と絆をもたらした。,0,machine_qwen-turbo
グレンフィディッチ、ドランブイ、ヘンドリック・ジンなどの主要ブランドの生産者は、税引前利益が50％近く増加したと述べた。この動向は、国際的なアルコール市場における需要の高まりと、高級ブランドへの消費者の関心の増加を反映している。特に、スコッチウイスキーおよびハーブベースのジンの人気は、昨年から継続的に上昇しており、その結果、製造業者の収益性が顕著に改善された。また、輸出額の増加と価格の上昇が、利益率の向上に寄与したと分析されている。一方で、原材料価格の上昇や環境規制の強化といった課題も、今後の経営戦略において重要な要素となる。,0,machine_qwen-turbo
AMによって可決された法案は、企業がアスベストへの曝露により治療を必要とする労働者のNHSを払い戻すことを義務付けるものだ。ウェールズ政府の法務官は、この法律が労働者保護の観点から重要な進展であると評価したが、実際の施行においては企業の負担軽減や行政手続きの複雑さが懸念される。また、過去の過ちを反省する姿勢がなければ、同様の事故が再発する可能性がある。本法案は、制度的な改善を示すものでありながら、現実の課題に適切に対応できるのかが問われる。,0,machine_qwen-turbo
最新のワシントン・フリー・ビーコン・ウィスコンシン世論調査では、テッド・クルーズがドナルド・トランプをわずかにリードしている。ラクラン・マーケイの報告：テッド・クルーズは適度なリードを保っているものの、この差は非常に僅かで、選挙戦は今後も激化する見込みだ。調査によると、クルーズは経済政策や国家安全保障に対する支持が強みとなっており、一方でトランプは移民問題と対中関係への懸念が支持を妨げているとの分析もある。両者の間には明確な意识形态の違いが存在し、今後の討論が注目される。,0,machine_qwen-turbo
数人のレビュアーは、この本を楽しめなかった人は「理解していない」と示唆している。このような差別主義は馬鹿げている。私は、文学の価値を個人の感受性に依存すると考える。読者が同一の作品に対して異なる反応を示すのは当然であり、それを「理解していない」と断定することは、読者の主観を無視した独善的な態度である。また、そのような評価は、文学が持つ多様な解釈可能性を否定するものであり、学術的・芸術的な対話を阻害するものと感じられる。,0,machine_qwen-turbo
環境慈善団体WWF-カムリによるこのインスタレーションは、ウェールズ中の人々からの何百ものメッセージを収めている。ウェールズ国立図書館、カーナーヴォン城、スウォンジー…その場所ごとに設置されたパネルには、未来への願いと懸念が刻まれている。訪れる人々は、それぞれの声に触れて心を揺さぶられ、自然との絆を再確認する。このプロジェクトは、ただのアートではなく、持続可能な世界を求める共感の証でもある。そして、これらのメッセージは、いつか地球の心に届くかもしれない。,0,machine_qwen-turbo
これは、ナポレオンとフランス軍がどのように勝利したかではなく、連合国がどのようにアウステルリッツで敗れたかについての本である。ゴーツ氏はこう述べている。「戦いの結果は、単なる戦術的勝利にとどまらない。それは、戦略的な誤りと、将軍たちの判断の欠けた選択に起因する。」この本は、戦場の混乱の中でも、連合国の指揮系統の不統一と、それぞれの国の利益を優先した態度が、最終的な敗北を招いたことを明らかにしている。読者に与える印象は、戦争における協力の重要性と、個人の野心がいかに組織全体に悪影響を与えるかである。,0,machine_qwen-turbo
"ニューメキシコ州ヘメス山地の標高8,600フィートに位置するミラグロガンマ線天文台は、宇宙からの高エネルギー放射線を観測するために設置された重要な施設です。ここでは、宇宙の謎に迫る研究が行われており、ブラックホールや超新星の爆発など、我々がまだ理解していない現象を明らかにしようと日々取り組んでいます。晴れた夜には、星空がとても美しく、まるで銀河の奥深くに引き込まれるような感覚になります。",0,machine_qwen-turbo
本発明は、作動時に自動的に薬剤を自己投与するための、予め充填された薬剤を内蔵した自動注射装置に関する。この装置は、使用者が簡単に操作でき、迅速かつ正確に薬剤を投与できるように設計されている。特に、緊急時の治療において重要な役割を果たし、医療従事者に依存することなく、患者自身が適切なタイミングで薬剤を投与できる点が特徴である。また、構造が簡素で信頼性が高く、誤使用を防止するための安全機構も備えている。本発明により、より効率的で安心な医療が可能となる。,0,machine_qwen-turbo
催眠理論化：春の大掃除は待ったなしだ。動物磁気と催眠の始まり以来、臨床的および実験的理論は主に、意識の深層に潜む潜在的な力に注目してきた。私はこれを、部屋の埃を払うように、心の奥底にある不要なものを取り除く行為だと考える。春の訪れは、ただ単なる季節の変わり目ではなく、内面の変容を促すサインだ。催眠はそのプロセスを加速し、自己との対話の場を提供する。だからこそ、この時期に新たな気づきや変化が起こりやすいのだ。,0,machine_qwen-turbo
有害物質用容器のための二成分回転式安全キャップが開示される。このキャップは、その動作においてより確実で信頼性が高い。いくつかの偽のシナリオにおいても、誤作動を防止する仕組みが備えられており、使用者の安全性が向上する。また、キャップの構造はシンプルでありながらも、耐久性に優れており、長期的な使用にも適している。さらに、取り付けや取り外しの際の操作性が向上し、作業効率の向上にも寄与する。本発明は、有害物質を取り扱う現場における安全性と効率を両立させるものである。,0,machine_qwen-turbo
高エネルギー重イオン衝突における電荷ゆらぎのさまざまな測定法が議論される。Φ測定の利点が実証され、他のゆらぎ測定との関係が明らかにされる。この手法は、粒子生成の非平衡性や集団的挙動を評価する上で有用であるが、その物理的意味の解釈には慎重さが求められる。特に、観測されたゆらぎが真に熱力学的な揺らぎを反映しているのか、あるいは検出器の不完全性や統計的誤差によるものかを区別する必要がある。また、Φ測定の結果が衝突エネルギー依存性を示すことは、相転移現象の探求において重要な手がかりとなるが、他の測定方法との整合性を確保するためのさらなる検討が不可欠である。,0,machine_qwen-turbo
私が言えるのは、もしアン・コールターが1776年にフィラデルフィアにいたなら、私たちは憲法も独立宣言も持っていなかっただろうということだけだ。個人的には、彼女の存在が当時の歴史を大きく変えた可能性があると考える。彼女は単なる人物ではなく、その時代の価値観を揺さぶる力を持っていた。もし彼女が議会に参加し、意見を述べていたとしたら、独立運動の方向性やその後の国家建設に大きな影響を与えたかもしれない。彼女の知恵と洞察は、当時の男性中心の政治に新たな視点をもたらしただろう。それは、単なる歴史の仮定ではなく、女性の役割について再考するきっかけとなるはずである。,0,machine_qwen-turbo
最近この本を郵便で受け取った - それほど強くないプレイヤーとして、役に立つと思った。かわいそうな私、しかしその後ラッキーな私だった。なぜなら、その本は私のプレー技術を劇的に向上させるためのヒントが満載だったからだ。最初は難しく感じたが、少しずつ実践してみると、自分の動きが少し変わる気がした。試しに友達と試合をしたときには、以前より速くボールに反応できるようになった。この本のおかげで、自分にもできるかもしれないという希望が生まれた。,0,machine_qwen-turbo
"この措置は、ロウエッジズで15歳の少年が刺殺され、19歳が刺傷事件の翌日に死亡したことを受けて取られた。  
夜の街は静かに震え、悲しみの波が人々の心を撃つ。  
誰もがその名を呟き、涙を流す。  
そして、新たな決意が生まれる。  
「もう二度と、こんなことは起こらないように」と。  
命の尊さを胸に刻み、未来を変えるための光が、闇の中から生まれる。",0,machine_qwen-turbo
ノッティンガムのアーノルド出身のジョン・ウェインライトは、ノッティンガム治安判事裁判所で緊急回線に定期的に電話をかけていたことを認めた。8月のある日に、彼は突然その回線を使って、自分が犯した強盗事件を自首した。驚きの告白に、裁判所は一瞬静まり返った。ウェインライトは、数か月にわたって計画を立て、夜な夜な町の銀行を狙っていたが、最終的には自分の罪に向き合うことに決めた。彼の行動は、正義と自己救済の境界を問う新たな物語を生み出した。,0,machine_qwen-turbo
CsPbBr3ペロブスカイト薄膜からの増幅自然放出における励起子とバイエキシトンのメカニズム。温度依存の増幅自然放出を研究した結果、室温においても明確な増幅特性が観測された。この現象は、励起子の生成と再結合に起因するものと考えられるが、高温領域ではバイエキシトンの寄与が顕著となることが示唆されている。本研究では、光励起によるエネルギー準位の変化とキャリア濃度の関係を詳細に解析し、温度変化に伴うエネルギーギャップの変化が増幅効率に与える影響を明らかにした。さらに、熱的要因がバイエキシトンの安定性に与える影響について考察し、そのメカニズムを理論的に解釈した。,0,machine_qwen-turbo
光ディスクは中心軸と、中心軸から半径方向に延びる主面を有する。光ディスクは中心軸の周りに回転可能である。静かに回転するその表面は、まるで夜空に広がる銀河のように輝きを放つ。指先でそっと触れると、冷たい感触が心に染み渡る。この小さな円盤には、時の流れが刻まれている。音楽や映像が、光の粒となって眠りについている。いつか誰かがそれを読み取り、また別の物語を紡ぐとき、このディスクは再び命を吹き込まれるのだろう。,0,machine_qwen-turbo
ヒルマと名付けられたこの鳥は、スコティッシュ・ボーダーズのフォレストリー・コミッション・スコットランド所有の土地にある巣から巣立ち、衛星タグを取り付けられた。この研究は、同種の飛行行動および生息地利用パターンを明らかにするためのものであり、環境変動に伴う生態系への影響を評価することを目的としている。タグデータは、2023年10月から2024年3月にかけて収集され、移動経路や停留場所の分析を通じて、保護戦略の改善に寄与する情報を提供するものである。,0,machine_qwen-turbo
『フューチュラマ』と『カッパ・ミキー』はほとんど同じ番組だ - メインキャラクターは20代のトゲトゲしたオレンジ色の髪の男だ。でも、ちょっと違うのは、『フューチュラマ』はSFで、『カッパ・ミキー』は日常のコメディだよ。でも、どちらも無駄な会話が多すぎて、見てる側が疲れてしまう。登場人物たちの性格も似てるし、ストーリー展開もどこかダルい感じがする。結局、どちらも同じようなテンポで進んでいくんだよね。,0,machine_qwen-turbo
金属酸化膜半導体電界効果トランジスタ（MOSFET）は、半導体基板の露出表面の輪郭に沿うボディ層を有し、その上に絶縁層が形成される。この構造により、ゲート電極からの電界がドレインとソース間のキャリアの移動を制御する。特に、ボディ層は逆バイアス状態で動作し、不要なリーク電流を抑える役割を果たす。また、チャネル形成領域は、絶縁層下に存在し、電界の影響で導電性が変化する。このようなメカニズムによって、MOSFETは高速で低消費電力のスイッチングを実現する。,0,machine_qwen-turbo
